Followee,Follower
,
sonj_10,sulliaswasthik
sonj_10,ShravanSRai1
sonj_10,inowke
sonj_10,rj_sughosh
sulliaswasthik,ShravanSRai1
sulliaswasthik,varuniamvv
sulliaswasthik,rai_rishil
sulliaswasthik,ashishshetty192
sulliaswasthik,venky__9
sulliaswasthik,LogangPaulers05
sulliaswasthik,gokul7567
sulliaswasthik,RavitejRh
sulliaswasthik,Shivash38080991
sulliaswasthik,JestinR
ShravanSRai1,PoojaV64837448
ShravanSRai1,inowke
ShravanSRai1,sulliaswasthik
inowke,tedhudek
inowke,ShravanSRai1
inowke,sulliaswasthik
inowke,rj_sughosh
inowke,styk_tv
inowke,bhavithbrao
inowke,srivatsamp
inowke,bewitched111
inowke,skeptichacker
inowke,SCadabam
inowke,Ritesh_desai09
inowke,frankdamienzoe
inowke,JosephELemley
inowke,WolfgangDresner
inowke,Gloat_com
inowke,shreeharikbhat
inowke,namithap
inowke,Subrahmanya1302
inowke,ShrinivasaPr
inowke,sai_suparna
rj_sughosh,ShravanSRai1
rj_sughosh,sulliaswasthik
rj_sughosh,inowke
rj_sughosh,akshayjs17
rj_sughosh,Shreyas92131184
rj_sughosh,Aprameya_manvi
rj_sughosh,Tejupetkar
rj_sughosh,NairGalactico21
rj_sughosh,afshad2020
rj_sughosh,pawan_2110
rj_sughosh,Im_SYaseen
rj_sughosh,afshad18
rj_sughosh,djspy_badest
rj_sughosh,chucdyu_z
rj_sughosh,SavitaAnilMore
rj_sughosh,crazymadz325
rj_sughosh,Lufuno11723630
rj_sughosh,harshitjainp
rj_sughosh,anand_sursh
rj_sughosh,the_taposh
varuniamvv,VVD_is_daddy
varuniamvv,Shreyas17329091
varuniamvv,ani_k95
varuniamvv,sulliaswasthik
varuniamvv,Henrai14
varuniamvv,SidharthaSahu13
varuniamvv,pranjalty
varuniamvv,AmolMehta853
varuniamvv,Sarthak91716
varuniamvv,yogi41197
varuniamvv,sea_beads
varuniamvv,rai_rishil
varuniamvv,tvigneshnayak
varuniamvv,Adarsh58661659
varuniamvv,AgarwalShrirang
varuniamvv,PranavK92892044
varuniamvv,coolrv9619
varuniamvv,vishalkaradagi
varuniamvv,PavanChan4
varuniamvv,Karthiprakash18
rai_rishil,CitizenKamran
rai_rishil,KARTHIKMOHANP2
rai_rishil,amthoughtsxo
rai_rishil,Prajwal45187979
rai_rishil,h0n0r_r3sp3ct
rai_rishil,gupta_siddhant
rai_rishil,kyunbhaii
rai_rishil,Jethendra19
rai_rishil,Sushrutha_D
rai_rishil,rsponnathpur
rai_rishil,jeegujja
rai_rishil,PMadhwaraj
rai_rishil,AbbakkaHypatia
rai_rishil,VijethSaliyan
rai_rishil,SRIVATSAAV
rai_rishil,Henrai14
rai_rishil,mr_ajit_07
rai_rishil,adarshp1809
rai_rishil,ShibaniBhandary
rai_rishil,Maheshkotian6
ashishshetty192,rai_rishil
ashishshetty192,NihalRai2
ashishshetty192,SinhaSinhanr
ashishshetty192,Kasmawatye
ashishshetty192,pirasannalk
ashishshetty192,rohithshetty55
ashishshetty192,arnaud_carvales
ashishshetty192,EspChampions
LogangPaulers05,Call_Me_BItch12
LogangPaulers05,cloudyari4
LogangPaulers05,ArraiahM
LogangPaulers05,medinamony3
LogangPaulers05,AnneLiandre
LogangPaulers05,N0T0RI0US_VAG
LogangPaulers05,xox_cwilde
LogangPaulers05,elzylyviana
LogangPaulers05,JessicaLynnWig1
LogangPaulers05,BenJone54912153
LogangPaulers05,whydontweniyah
LogangPaulers05,Xxxprincessjay1
LogangPaulers05,JuiceManOJ1
LogangPaulers05,jordinbabybeaus
LogangPaulers05,Michael56777081
LogangPaulers05,Grethanlover6
LogangPaulers05,nathanruh9
LogangPaulers05,DramaWheel
LogangPaulers05,starsanchezcarr
LogangPaulers05,Waz_Vlogs
gokul7567,JCutieslove
gokul7567,MrFilipeOrlando
gokul7567,Kiran64079989
gokul7567,MeSs__UP
gokul7567,HemantMahor17
gokul7567,keerthanyermal
gokul7567,anangsha20001
gokul7567,SujuG4
gokul7567,veena_28
gokul7567,hn_chinmaya
gokul7567,MizinkBasumata4
gokul7567,RaviKumarRahul5
gokul7567,Tejalshinde12
gokul7567,akshaykm27
gokul7567,Rohan58Sharma
gokul7567,SiddharthPanasa
gokul7567,sociopath_hun
gokul7567,saurabhd021
gokul7567,theaad1l
gokul7567,antiagingsocial
RavitejRh,AhmedAshrafUwk3
RavitejRh,Keertha81690772
RavitejRh,GururajVaibhav
RavitejRh,sulliaswasthik
RavitejRh,kamaleshpmurthy
RavitejRh,rakshithmgowda7
RavitejRh,ullasmessi
RavitejRh,irakshithrg
RavitejRh,nicoceleron
RavitejRh,flymei24
RavitejRh,RaoNikshep
RavitejRh,KunalShahri
RavitejRh,mayura_lakshmi
RavitejRh,narayansuchith
RavitejRh,zyjiwapifeva
RavitejRh,shamanthb90
RavitejRh,Rachuu16
RavitejRh,kattesanath
Shivash38080991,MANJUNA32029691
Shivash38080991,chinnaswamy_n
Shivash38080991,Byresh06223120
Shivash38080991,Nagesh_setty
Shivash38080991,Mayankaryan084
Shivash38080991,mapomaes69
